<?xml version="1.0" encoding="UTF-8"?>
<!DOCTYPE configuration PUBLIC "-//mybatis.org//DTD Config 3.0//EN"
"http://mybatis.org/dtd/mybatis-3-config.dtd">
<configuration>
	<typeAliases>
		<typeAlias alias="User" type="com.yiibai.pojo.User" />
		<typeAlias alias="UserGroup" type="com.yiibai.pojo.UserGroup" />
		<typeAlias alias="Group" type="com.yiibai.pojo.Group" />
	</typeAliases>
	<environments default="development">
	    <environment id="development">
		<transactionManager type="JDBC" />
			<dataSource type="POOLED">  
                            <property name="driver" value="com.mysql.jdbc.Driver" />
			    <property name="url" value="jdbc:mysql://localhost:3306/test4?unicode=true&amp;characterEncoding=utf-8&amp;serverTimezone=UTC&amp;useSSL=false" />
			    <property name="username" value="root" />
			    <property name="password" value="123456" />
                       </dataSource>
		</environment>
	</environments>

	<mappers>
	     <!-- // power by http://www.yiibai.com -->
	     <mapper resource="com/yiibai/maper/UserMaper.xml" />
		<mapper resource="com/yiibai/maper/GroupMaper.xml" />
		<mapper resource="com/yiibai/maper/UserGroupMaper.xml" />
	    
	</mappers>
</configuration>