<?xml version="1.0" encoding="UTF-8" ?>
<!DOCTYPE mapper PUBLIC "-//mybatis.org//DTD Mapper 3.0//EN" 
"http://mybatis.org/dtd/mybatis-3-mapper.dtd">
<mapper namespace="com.yiibai.maper.UserGroupMaper">
	<parameterMap type="UserGroup" id="parameterUserGroupMap">
		<parameter property="userId"/>
		<parameter property="groupId"/>
	</parameterMap>
	
	<insert id="insertUserGroup"  parameterMap="parameterUserGroupMap">
		INSERT INTO user_group(user_id, group_id)
		VALUES(#{userId},#{groupId})
	</insert>
	
	<!-- 根据一个用户组ID,查看这个用户组下的所有用户 -->
	<resultMap type="User" id="resultUserMap_2">
		<result property="id" column="id"/>
		<result property="username" column="username"/>
		<result property="mobile" column="mobile"/>
	</resultMap>
	
	<select id="getUsersByGroupId" resultMap="resultUserMap_2" parameterType="int">
		SELECT u.*, ug.group_id
		FROM user u, user_group ug
		WHERE u.id=ug.user_id AND ug.group_id=#{group_id}
	</select>
	
	<!-- 根据一个用户ID,查看这个用户所对应的组-->
	<resultMap type="Group" id="resultGroupMap_2">
		<result property="groupId" column="group_id"/>
		<result property="groupName" column="group_name"/>
	</resultMap> 
	
	<select id="getGroupsByUserId" resultMap="resultGroupMap_2" parameterType="int">
		SELECT g.*, u.user_id
		FROM group g, user_group u
		WHERE g.group_id=u.group_id AND u.user_id=#{user_id}
	</select>
</mapper>